{"coins":[{"position":[-101.80897521972656,15.881546974182129,48.89838409423828]},{"position":[-110.83313751220703,15.881942749023438,42.5698127746582]},{"position":[-100.50546264648438,15.880298614501953,28.73444938659668]}]}